{"model_0": {"compute": [3.179679, 62.946292, 24.46424, 7.543658, 36.170414, 0.818348, 59.055741, 18.545482, 4.848766, 26.640795, 18.859276, 64.973771, 13.034884, 4.494064, 17.026895, 47.586861, 13.664686, 3.186477, 19.582512, 46.409037, 12.032124, 3.3513, 13.346306, 44.681725, 5.935329, 33.390442, 0.426187, 3.715221, 26.884679, 0.422337, 25.160997], "memory": [10.923383, 33.660791, 43.328321, 103.737461, 60.798312, 1.830831, 26.353722, 55.083265, 37.425321, 27.451995, 77.598424, 45.327338, 21.278583, 33.829657, 72.441979, 31.654552, 21.861149, 24.113705, 78.424202, 31.62596, 19.513959, 25.329605, 14.990581, 7.433894, 4.607879, 93.660318, 5.248636, 3.065775, 93.636909, 4.673299, 90.43983], "latency": [0.0036479999999999998, 0.053279, 0.006144, 0.004064, 0.006977, 0.00208, 0.17648, 0.0048, 0.002784, 0.006111999999999999, 0.0344, 0.057055999999999996, 0.0054399999999999995, 0.0025919999999999997, 0.042624999999999996, 0.098912, 0.003904, 0.0030399999999999997, 0.028319, 0.069631, 0.004128, 0.002624, 0.004704, 0.007968, 0.003872, 0.622051, 0.002144, 0.003008, 0.267937, 0.00208, 0.067648]}, "model_1": {"compute": [11.522904, 80.198025, 25.407125, 6.272807, 43.362284, 37.62885, 3.929561, 3.502973, 2.976173, 27.048121, 19.566269, 7.262554, 3.432211, 37.896595, 25.574616, 7.534917, 37.426037, 40.762733, 12.851289, 3.570738, 3.001356, 27.31606, 25.878566, 5.613411, 3.228403, 38.563195, 19.900342, 7.619984, 37.307535, 33.379557, 20.078661, 5.246727, 3.007808, 39.183415, 26.860104, 7.137345, 10.63628, 44.151738, 22.841001, 7.183515, 35.649722, 40.17122, 17.098087, 8.001696, 2.107879, 18.37615, 19.80858, 5.315217, 10.64695, 32.140959, 20.310429, 5.328114, 38.06012, 29.600105, 11.064658, 2.771263, 25.968723, 23.545971, 6.870759, 16.445866, 52.815953, 22.902557, 5.21652, 38.101722, 31.650547, 11.157264, 2.94344, 25.560105, 23.536397, 6.459167, 13.840239, 50.537172, 23.675545, 5.148184, 38.816264, 30.837279, 13.881019, 3.407553, 30.445324, 19.557181, 7.477101, 15.013684, 51.419609, 25.522497, 7.595114, 29.762063, 34.697349, 9.435181, 4.019988, 1.072497, 19.246824, 12.08515, 3.419979, 21.729289, 36.606709, 13.537974, 2.949277, 32.689314, 26.159767, 18.27957, 0.210157, 58.064771, 20.456879, 25.392403, 7.094574, 21.184299], "memory": [14.062873, 42.436769, 78.979381, 90.632565, 74.798631, 33.780498, 9.969076, 26.508525, 3.485636, 28.55618, 35.467933, 58.827643, 8.987953, 37.896595, 42.387751, 71.449319, 74.032252, 36.49969, 20.152908, 36.889368, 10.653982, 28.906641, 42.997161, 77.34375, 9.99672, 38.563195, 60.336325, 60.587198, 65.49726, 37.300879, 32.811473, 39.39409, 3.574109, 41.562544, 85.190217, 80.242473, 31.165202, 44.151738, 56.439663, 107.342791, 88.606136, 58.701609, 18.912691, 13.052184, 17.283076, 48.972542, 56.831952, 65.458066, 39.613971, 32.140959, 36.541193, 40.023998, 40.933215, 27.699828, 17.61381, 27.557664, 50.366073, 38.966029, 53.217166, 40.206939, 46.687454, 65.430732, 40.266001, 56.49399, 29.49026, 26.658241, 22.314842, 48.703585, 67.573832, 49.848947, 53.449789, 44.673092, 39.216979, 46.669643, 68.778164, 31.354292, 22.249156, 26.182186, 49.51088, 33.057491, 59.551887, 58.714562, 42.337527, 43.661623, 60.16129, 67.264734, 47.478481, 9.784851, 10.071911, 14.303734, 26.789391, 19.572346, 25.870474, 53.312653, 30.140982, 23.295842, 22.270838, 47.378259, 58.742947, 35.100123, 2.114428, 23.248398, 43.97115, 42.483526, 55.567298, 32.846661], "latency": [0.0029119999999999997, 0.126465, 0.039424, 0.037343, 0.043456999999999996, 0.01504, 0.002688, 0.002944, 0.002528, 0.009504, 0.015552, 0.0063999999999999994, 0.003264, 0.027937, 0.006176, 0.0073279999999999994, 0.015519999999999999, 0.018528, 0.004127, 0.003392, 0.003616, 0.009281, 0.005856, 0.004128, 0.004095, 0.028287999999999997, 0.006176, 0.006592, 0.01584, 0.022528, 0.005344, 0.00448, 0.002048, 0.016448, 0.011583999999999999, 0.007647999999999999, 0.004032, 0.06758499999999999, 0.014528, 0.012544, 0.028672, 0.026976, 0.023008, 0.002976, 0.001696, 0.010815, 0.005216, 0.002336, 0.004095, 0.026656, 0.0056, 0.003776, 0.009281, 0.024576, 0.0030399999999999997, 0.0027519999999999997, 0.016576, 0.005536, 0.003232, 0.005025, 0.03555, 0.006144, 0.0036479999999999998, 0.011968, 0.032736, 0.003712, 0.002816, 0.015264, 0.005216, 0.0030399999999999997, 0.005024, 0.035519999999999996, 0.005791999999999999, 0.0037749999999999997, 0.012256, 0.032959999999999996, 0.0030399999999999997, 0.00208, 0.023745, 0.006464, 0.004128, 0.007679, 0.06496, 0.007904, 0.004032, 0.014624, 0.016448, 0.039168, 0.003264, 0.002048, 0.009472, 0.002624, 0.0028799999999999997, 0.007039999999999999, 0.02256, 0.0063999999999999994, 0.00208, 0.006592, 0.004737, 0.004321, 0.002528, 0.100352, 0.006272, 0.008225, 0.003776, 0.008192]}, "model_2": {"compute": [30.141814, 61.149243, 26.231536, 5.906113, 39.209169, 15.496368, 56.375803, 26.9329, 5.893225, 38.432816, 21.922396, 59.850614, 24.684728, 5.512039, 18.192442, 64.396035, 26.729825, 6.39742, 36.269457, 18.244014, 61.202095, 26.72331, 6.899265, 17.770065, 63.493947, 23.165824, 7.256256, 36.461387, 17.248026, 47.720473, 16.171462, 5.678774, 16.720703, 47.895985, 20.020623, 5.903663, 21.837322, 55.841376, 35.728361, 0.409929, 3.642783, 26.738552, 0.420315, 3.641906, 24.110476], "memory": [24.4825, 58.574276, 87.677776, 90.122669, 87.85817, 38.049543, 46.418324, 84.726854, 86.613847, 88.933303, 73.234375, 44.818062, 81.306096, 75.968612, 81.804435, 47.782179, 88.191787, 87.91753, 72.639597, 78.43799, 44.665547, 67.699263, 102.940925, 79.387825, 47.605698, 59.805298, 84.606898, 61.547673, 80.627248, 39.667801, 48.480674, 43.785854, 75.746764, 36.314675, 33.445498, 44.557286, 29.596502, 5.672978, 98.191489, 12.2851, 5.376344, 94.201262, 9.493206, 11.483535, 85.397171], "latency": [0.0038399999999999997, 0.069599, 0.106528, 0.105056, 0.093536, 0.0056, 0.303168, 0.075233, 0.078944, 0.053696, 0.014398999999999999, 0.31340999999999997, 0.027167999999999998, 0.026816, 0.03024, 0.573986, 0.026879, 0.028033, 0.024704, 0.059425, 0.348257, 0.015198999999999999, 0.010272, 0.115297, 0.664322, 0.01392, 0.010591, 0.014367999999999999, 0.115551, 0.222273, 0.004576, 0.002816, 0.11471999999999999, 0.220129, 0.004896, 0.003072, 0.004096, 0.012575999999999999, 1.624773, 0.0022719999999999997, 0.0033599999999999997, 0.263361, 0.00224, 0.003008, 0.06752]}, "model_3": {"compute": [30.27206, 61.365059, 26.787374, 5.943937, 10.460441, 56.771311, 26.897974, 5.866881, 33.758003, 14.872192, 56.034018, 26.859751, 6.018759, 22.414196, 62.599267, 26.751341, 5.584326, 38.480025, 22.022137, 60.793614, 26.894272, 6.442195, 18.880758, 64.683016, 26.707155, 5.615762, 38.304581, 18.369836, 61.709338, 26.515283, 6.94847, 17.989284, 63.267295, 26.721617, 7.20978, 36.549656, 17.312829, 47.832296, 19.789104, 3.807216, 17.499554, 47.936267, 19.758948, 5.462446, 22.161, 56.672853, 35.230462, 0.40965, 3.655395, 27.304923, 0.422238, 3.450635, 24.887798], "memory": [24.725929, 59.207341, 87.672542, 101.474276, 26.0933, 47.796752, 87.677496, 89.686674, 76.700335, 59.149128, 46.136907, 95.025684, 88.678926, 54.480156, 49.698644, 84.24249, 82.534916, 89.24997, 73.172503, 45.350497, 79.311112, 88.404764, 83.249528, 47.747389, 78.419628, 77.68615, 76.610198, 78.788116, 46.018444, 67.102051, 100.782332, 82.470754, 46.007689, 67.42748, 84.860763, 65.113671, 77.502238, 36.223536, 33.015392, 29.115086, 81.022054, 36.866022, 32.699399, 70.818391, 28.709809, 5.690284, 95.246557, 4.955842, 3.102344, 95.631356, 9.532153, 5.035469, 92.048371],