{"model_0": {"compute": [3.222337, 62.923734, 25.783003, 7.640106, 35.457773, 0.808468, 58.326066, 19.561705, 6.737466, 26.652399, 18.829409, 64.192256, 15.866291, 4.28202, 18.849607, 47.652984, 13.20394, 3.298255, 19.460774, 46.459493, 13.30881, 2.437097, 13.427912, 44.568041, 7.772258, 32.302096, 0.425834, 3.629967, 27.062005, 0.40784, 23.148077], "memory": [3.615084, 33.652655, 43.03242, 60.971467, 36.500761, 2.487652, 26.028104, 58.293131, 52.703619, 28.587081, 83.858657, 44.782134, 25.465829, 32.257876, 80.650854, 31.698537, 21.182784, 25.053749, 79.957766, 31.660344, 24.222435, 18.819182, 15.611049, 4.772815, 6.629425, 87.128905, 6.146375, 4.660804, 94.5719, 3.713929, 84.772977], "latency": [0.00208, 0.05744, 0.010272, 0.002976, 0.0168, 0.00208, 0.17612799999999998, 0.004352, 0.006144, 0.0063999999999999994, 0.034912, 0.056192, 0.004352, 0.004128, 0.046335999999999995, 0.098464, 0.008352, 0.003136, 0.030750999999999997, 0.068448, 0.004032, 0.004, 0.003935999999999999, 0.008065, 0.003584, 0.6177279999999999, 0.00208, 0.002496, 0.26031899999999997, 0.0035199999999999997, 0.069664]}, "model_1": {"compute": [11.580861, 80.359204, 26.701393, 6.012469, 44.059452, 37.775316, 13.863059, 3.480078, 2.886461, 26.797983, 26.112431, 7.486076, 3.405339, 39.243035, 26.172302, 7.413109, 29.556748, 40.19389, 13.749617, 3.611413, 2.989243, 27.060251, 26.107812, 5.252763, 3.185107, 38.253638, 20.667246, 5.502859, 30.693706, 33.373551, 20.111292, 5.513356, 3.022971, 40.590625, 26.79709, 7.655482, 10.68725, 44.124726, 26.550107, 7.43253, 33.976509, 26.574866, 17.217593, 7.999172, 2.159365, 18.371075, 19.872614, 4.706839, 10.715213, 32.61104, 20.027874, 5.504534, 38.571863, 29.633175, 11.130332, 2.983266, 25.799295, 23.105866, 6.788769, 17.455956, 50.382829, 23.739354, 6.544081, 37.621415, 31.768457, 10.709334, 2.898748, 25.746979, 23.217526, 5.069324, 17.601999, 52.744211, 22.51072, 6.728738, 39.094647, 29.259886, 12.820452, 3.544227, 30.413721, 25.461039, 7.554632, 18.781792, 51.792438, 25.203224, 7.564162, 31.185035, 35.830136, 10.054198, 4.07381, 1.114411, 20.517037, 12.840703, 3.364462, 18.502457, 37.765657, 11.472256, 3.42819, 32.404973, 27.592682, 18.876872, 0.209292, 57.980855, 19.733218, 19.163397, 7.343056, 17.026355], "memory": [10.083782, 42.522057, 82.73768, 86.008823, 70.065012, 33.925633, 21.737099, 38.771701, 3.470722, 28.444535, 48.081077, 59.612342, 15.444712, 39.243035, 44.04116, 59.130859, 52.370333, 46.194514, 21.557622, 27.277066, 3.054313, 28.527177, 43.791084, 73.564802, 11.094934, 38.253638, 61.881631, 78.011297, 55.121017, 37.528251, 32.917764, 41.388656, 3.009434, 41.492417, 66.658175, 86.688113, 35.995514, 44.124726, 65.743031, 106.989221, 76.910025, 44.86195, 19.555158, 21.484375, 16.739201, 46.668221, 32.730058, 58.679569, 26.545009, 32.61104, 32.707137, 41.764316, 42.127404, 28.365461, 17.784951, 25.671074, 49.29641, 38.287853, 54.722744, 42.960426, 44.536658, 68.691406, 50.57111, 81.417411, 29.595405, 26.504089, 22.326268, 49.357452, 38.693018, 39.75937, 43.779843, 46.624037, 64.313322, 52.027743, 68.29653, 29.650922, 31.150689, 26.779653, 48.242473, 47.550676, 64.68949, 47.265625, 42.644504, 42.482183, 59.535573, 72.675665, 55.972938, 10.467799, 12.809806, 9.535846, 28.48385, 20.640307, 25.466137, 72.780987, 31.095229, 19.099698, 26.180168, 32.829072, 36.103817, 37.029472, 1.603175, 23.214799, 63.829719, 58.994655, 57.636074, 25.676683], "latency": [0.002144, 0.117633, 0.0392, 0.037568, 0.040032, 0.01424, 0.004064, 0.00224, 0.00208, 0.008735999999999999, 0.008224, 0.002816, 0.002464, 0.025183999999999998, 0.0060479999999999996, 0.006176, 0.014688, 0.017632, 0.003872, 0.002944, 0.002208, 0.009056, 0.00912, 0.003712, 0.003168, 0.02656, 0.006144999999999999, 0.003744, 0.015968, 0.020512, 0.0048319999999999995, 0.003328, 0.001792, 0.015903999999999998, 0.010241, 0.0072959999999999995, 0.002528, 0.065537, 0.012896, 0.008, 0.027968, 0.026368, 0.020449, 0.00208, 0.001537, 0.010144, 0.003935999999999999, 0.002048, 0.003552, 0.024319999999999998, 0.004672, 0.00208, 0.006176, 0.021311999999999998, 0.003264, 0.002208, 0.015423999999999998, 0.005248, 0.0034879999999999998, 0.004096, 0.033856, 0.004128, 0.002304, 0.01184, 0.031487999999999995, 0.0028799999999999997, 0.002976, 0.016319999999999998, 0.005503999999999999, 0.0038079999999999998, 0.005984, 0.034081, 0.00416, 0.004032, 0.012288, 0.033344, 0.0035199999999999997, 0.002879, 0.023648, 0.006111999999999999, 0.0038079999999999998, 0.008064, 0.061439999999999995, 0.008224, 0.003776, 0.014945, 0.016224, 0.037281, 0.002688, 0.001984, 0.009184, 0.0028799999999999997, 0.002208, 0.007359999999999999, 0.020256, 0.002944, 0.002528, 0.005664, 0.004128, 0.0038079999999999998, 0.001984, 0.094081, 0.0060799999999999995, 0.005984, 0.003776, 0.007679999999999999]}, "model_2": {"compute": [30.426604, 61.131211, 26.11589, 5.857535, 39.190643, 15.609756, 56.171074, 26.88117, 6.027169, 37.548143, 16.843583, 60.852339, 24.640473, 6.441323, 19.458309, 63.815015, 26.939529, 6.290056, 37.940927, 17.549004, 61.226283, 26.261667, 7.11206, 17.096269, 63.432243, 22.964327, 7.208844, 34.855574, 17.03065, 47.738463, 19.892757, 5.577386, 17.017913, 47.658305, 19.675193, 5.756902, 22.73348, 56.211803, 35.417465, 0.405542, 3.668094, 26.680203, 0.411617, 3.65216, 23.310132], "memory": [25.009961, 59.827842, 86.737086, 90.461839, 90.740521, 38.809038, 46.249756, 94.99123, 88.805851, 86.644086, 56.353866, 45.711711, 73.894319, 89.560434, 78.063368, 47.730514, 79.176339, 85.323381, 79.1776, 75.539125, 46.213007, 68.267108, 84.381621, 77.690001, 46.154064, 58.680472, 82.280847, 59.685683, 76.41142, 37.350835, 32.754647, 67.253708, 77.25618, 37.832126, 33.45387, 43.514337, 30.748428, 5.678533, 95.968904, 7.19697, 4.394209, 92.178467, 4.2852, 3.710247, 84.039857], "latency": [0.004256, 0.081536, 0.10854499999999999, 0.10719999999999999, 0.094209, 0.0060479999999999996, 0.360098, 0.055359, 0.053280999999999995, 0.0496, 0.015552999999999999, 0.37408199999999997, 0.028352, 0.02864, 0.030368, 0.691427, 0.035073, 0.026879999999999998, 0.025887999999999998, 0.061472, 0.413539, 0.0184, 0.019327999999999998, 0.12435299999999999, 0.792613, 0.015712, 0.011392, 0.014303999999999999, 0.12016099999999999, 0.262144, 0.006176, 0.002784, 0.12617699999999998, 0.262337, 0.004992, 0.0025919999999999997, 0.00432, 0.016384, 1.58724, 0.003296, 0.003552, 0.25997, 0.002048, 0.002528, 0.06790399999999999]}, "model_3": {"compute": [29.286304, 61.083582, 26.906277, 5.713343, 10.285714, 56.491032, 25.820666, 5.862275, 38.389943, 15.246162, 56.031926, 26.486834, 6.039076, 18.960466, 60.885169, 26.92308, 5.892027, 38.221167, 21.758018, 60.865836, 26.575064, 5.540452, 17.938058, 64.65172, 26.823532, 6.273358, 38.39896, 18.47227, 61.57124, 25.786673, 5.529281, 17.60741, 63.266491, 26.234056, 7.265749, 36.069064, 18.054481, 47.61221, 19.58389, 4.336263, 17.494438, 47.897993, 19.909947, 4.84715, 22.025462, 56.71185, 35.340664, 0.408719, 3.711273, 26.919468, 0.424779, 3.633163, 24.746207], "memory": [23.909621, 58.474645, 89.135812, 88.062884, 25.489866, 46.589886, 85.847455, 90.002796, 86.821853, 38.460792, 46.135185, 89.987781, 89.471737, 69.646239, 48.36747, 84.775492, 87.048907, 84.939683, 71.906017, 45.640259, 78.643778, 75.912614, 72.499679, 48.315562, 78.801817, 96.409086, 78.889135, 79.459791, 46.118663, 83.031962, 65.047254, 78.70085, 46.535485, 67.051256, 85.114357, 60.800075, 84.028882, 38.276619, 32.245127, 56.048305, 79.997621, 37.547557, 33.361276, 65.955748, 30.723898, 5.719392, 95.798665, 5.168269, 3.712744, 93.804666, 3.86684, 3.066751, 88.48066],